{
  "Qs": 0.485,
  "Field Capacity": 0.42324,
  "Wilting Point": 0.17321,
  "Ks(mm/h)": 26.0,
  "Psi(mm)": -786.0,
  "b": 5.3
}